experiment_id,experiment_name,model,accuracy,f1_macro,f1_bad,roc_auc,precision_bad,recall_bad,notes,num_params,train_time_sec
exp_08_cwt_cnn,CWT scalogram + CNN,CWT 2D CNN,0.6402877697841727,0.5472902553413236,0.34210526315789475,0.5831231941161019,0.41935483870967744,0.28888888888888886,PyWavelets CWT morl,429778,115.95642952402704
